algorithm,reloads,total_time_s
knapsack,30,1199.155124024032
greedy,8,592.0194708660958
